Month,Number_of_Baskets,Avg_Return_Percent,Total_Return_Percent,Min_Return_Percent,Max_Return_Percent,Avg_Holding_Days
2025-07,2,1.4435576704034814,2.8871153408069627,1.3124393223144113,1.5746760184925517,4.0
2025-08,1,2.076746086738832,2.076746086738832,2.076746086738832,2.076746086738832,5.0
2025-09,2,1.1148449864358714,2.2296899728717428,1.0547453412842813,1.1749446315874617,2.5
2025-10,1,2.292340228506207,2.292340228506207,2.292340228506207,2.292340228506207,1.0
